2404:f4c0:f700::/48,US,US-CA,California,
2404:f4c0:f701::/48,DE,DE-HE,Hessen,
2404:f4c0:f702::/48,JP,JP-13,Japan,
2404:f4c0:f703::/48,TW,TW-TPE,Taipei,
2404:f4c0:f704::/48,CN,CN-ZJ,Zhejiang Sheng,
2404:f4c0:f705::/48,CN,CN-HB,Hubei Sheng,
2404:f4c0:f706::/48,US,US-CA,California,
2404:f4c0:f707::/48,CN,CN-GD,Guangdong Sheng,
2404:f4c0:f708::/48,CN,CN-HK,Hong Kong SAR,
2404:f4c0:f709::/48,CN,CN-HN,Hunan Sheng,
2404:f4c0:f70a::/48,DE,DE-HE,Hessen,
2404:f4c0:f70f::/48,US,US-CA,California,
2407:9240:1001::/48,TW,TW-TPE,Taipei,
2a0e:b107:1980::/48,TW,TW-TPE,Taipei,